name,version,scope,license
"@adobe/css-tools","4.5.0","development","MIT"
"@asamuzakjp/css-color","6.0.7","development","MIT"
"@asamuzakjp/dom-selector","8.3.2","development","MIT"
"@babel/code-frame","7.29.7","development","MIT"
"@babel/compat-data","7.29.7","development","MIT"
"@babel/core","7.29.7","development","MIT"
"@babel/generator","7.29.8","development","MIT"
"@babel/helper-compilation-targets","7.29.7","development","MIT"
"@babel/helper-globals","7.29.7","development","MIT"
"@babel/helper-module-imports","7.29.7","development","MIT"
"@babel/helper-module-transforms","7.29.7","development","MIT"
"@babel/helper-string-parser","7.29.7","development","MIT"
"@babel/helper-validator-identifier","7.29.7","development","MIT"
"@babel/helper-validator-option","7.29.7","development","MIT"
"@babel/helpers","7.29.7","development","MIT"
"@babel/parser","7.29.8","development","MIT"
"@babel/runtime","7.29.7","development","MIT"
"@babel/template","7.29.7","development","MIT"
"@babel/traverse","7.29.8","development","MIT"
"@babel/types","7.29.8","development","MIT"
"@bcoe/v8-coverage","1.0.2","development","MIT"
"@bramus/specificity","2.4.2","development","MIT"
"@cloudflare/kv-asset-handler","0.5.0","development","MIT OR Apache-2.0"
"@cloudflare/unenv-preset","2.16.1","development","MIT OR Apache-2.0"
"@cloudflare/workerd-darwin-64","1.20260811.1","development","Apache-2.0"
"@cloudflare/workerd-darwin-arm64","1.20260811.1","development","Apache-2.0"
"@cloudflare/workerd-linux-64","1.20260811.1","development","Apache-2.0"
"@cloudflare/workerd-linux-arm64","1.20260811.1","development","Apache-2.0"
"@cloudflare/workerd-windows-64","1.20260811.1","development","Apache-2.0"
"@cloudflare/workers-types","5.20260816.1","development","MIT OR Apache-2.0"
"@cspotcode/source-map-support","0.8.1","development","MIT"
"@csstools/color-helpers","6.1.0","development","MIT-0"
"@csstools/css-calc","3.3.0","development","MIT"
"@csstools/css-color-parser","4.1.10","development","MIT"
"@csstools/css-parser-algorithms","4.0.0","development","MIT"
"@csstools/css-syntax-patches-for-csstree","1.1.7","development","MIT-0"
"@csstools/css-tokenizer","4.0.0","development","MIT"
"@emnapi/runtime","1.11.3","development","MIT"
"@esbuild/aix-ppc64","0.28.1","development","MIT"
"@esbuild/aix-ppc64","0.28.2","development","MIT"
"@esbuild/android-arm","0.28.1","development","MIT"
"@esbuild/android-arm","0.28.2","development","MIT"
"@esbuild/android-arm64","0.28.1","development","MIT"
"@esbuild/android-arm64","0.28.2","development","MIT"
"@esbuild/android-x64","0.28.1","development","MIT"
"@esbuild/android-x64","0.28.2","development","MIT"
"@esbuild/darwin-arm64","0.28.1","development","MIT"
"@esbuild/darwin-arm64","0.28.2","development","MIT"
"@esbuild/darwin-x64","0.28.1","development","MIT"
"@esbuild/darwin-x64","0.28.2","development","MIT"
"@esbuild/freebsd-arm64","0.28.1","development","MIT"
"@esbuild/freebsd-arm64","0.28.2","development","MIT"
"@esbuild/freebsd-x64","0.28.1","development","MIT"
"@esbuild/freebsd-x64","0.28.2","development","MIT"
"@esbuild/linux-arm","0.28.1","development","MIT"
"@esbuild/linux-arm","0.28.2","development","MIT"
"@esbuild/linux-arm64","0.28.1","development","MIT"
"@esbuild/linux-arm64","0.28.2","development","MIT"
"@esbuild/linux-ia32","0.28.1","development","MIT"
"@esbuild/linux-ia32","0.28.2","development","MIT"
"@esbuild/linux-loong64","0.28.1","development","MIT"
"@esbuild/linux-loong64","0.28.2","development","MIT"
"@esbuild/linux-mips64el","0.28.1","development","MIT"
"@esbuild/linux-mips64el","0.28.2","development","MIT"
"@esbuild/linux-ppc64","0.28.1","development","MIT"
"@esbuild/linux-ppc64","0.28.2","development","MIT"
"@esbuild/linux-riscv64","0.28.1","development","MIT"
"@esbuild/linux-riscv64","0.28.2","development","MIT"
"@esbuild/linux-s390x","0.28.1","development","MIT"
"@esbuild/linux-s390x","0.28.2","development","MIT"
"@esbuild/linux-x64","0.28.1","development","MIT"
"@esbuild/linux-x64","0.28.2","development","MIT"
"@esbuild/netbsd-arm64","0.28.1","development","MIT"
"@esbuild/netbsd-arm64","0.28.2","development","MIT"
"@esbuild/netbsd-x64","0.28.1","development","MIT"
"@esbuild/netbsd-x64","0.28.2","development","MIT"
"@esbuild/openbsd-arm64","0.28.1","development","MIT"
"@esbuild/openbsd-arm64","0.28.2","development","MIT"
"@esbuild/openbsd-x64","0.28.1","development","MIT"
"@esbuild/openbsd-x64","0.28.2","development","MIT"
"@esbuild/openharmony-arm64","0.28.1","development","MIT"
"@esbuild/openharmony-arm64","0.28.2","development","MIT"
"@esbuild/sunos-x64","0.28.1","development","MIT"
"@esbuild/sunos-x64","0.28.2","development","MIT"
"@esbuild/win32-arm64","0.28.1","development","MIT"
"@esbuild/win32-arm64","0.28.2","development","MIT"
"@esbuild/win32-ia32","0.28.1","development","MIT"
"@esbuild/win32-ia32","0.28.2","development","MIT"
"@esbuild/win32-x64","0.28.1","development","MIT"
"@esbuild/win32-x64","0.28.2","development","MIT"
"@eslint-community/eslint-utils","4.10.1","development","MIT"
"@eslint-community/regexpp","4.12.2","development","MIT"
"@eslint/config-array","0.23.5","development","Apache-2.0"
"@eslint/config-helpers","0.7.0","development","Apache-2.0"
"@eslint/core","1.2.1","development","Apache-2.0"
"@eslint/js","10.0.1","development","MIT"
"@eslint/object-schema","3.0.5","development","Apache-2.0"
"@eslint/plugin-kit","0.7.2","development","Apache-2.0"
"@exodus/bytes","1.15.1","development","MIT"
"@fastify/accept-negotiator","2.1.0","production","MIT"
"@fastify/ajv-compiler","4.0.6","production","MIT"
"@fastify/cors","11.3.0","production","MIT"
"@fastify/error","4.2.0","production","MIT"
"@fastify/fast-json-stringify-compiler","5.1.0","production","MIT"
"@fastify/forwarded","3.0.2","production","MIT"
"@fastify/merge-json-schemas","0.2.1","production","MIT"
"@fastify/proxy-addr","5.1.0","production","MIT"
"@fastify/send","4.1.1","production","MIT"
"@fastify/static","10.1.3","production","MIT"
"@humanfs/core","0.19.2","development","Apache-2.0"
"@humanfs/node","0.16.8","development","Apache-2.0"
"@humanfs/types","0.15.0","development","Apache-2.0"
"@humanwhocodes/module-importer","1.0.1","development","Apache-2.0"
"@humanwhocodes/retry","0.4.3","development","Apache-2.0"
"@img/colour","1.1.0","development","MIT"
"@img/sharp-darwin-arm64","0.35.2","development","Apache-2.0"
"@img/sharp-darwin-x64","0.35.2","development","Apache-2.0"
"@img/sharp-freebsd-wasm32","0.35.2","development","Apache-2.0"
"@img/sharp-libvips-darwin-arm64","1.3.1","development","LGPL-3.0-or-later"
"@img/sharp-libvips-darwin-x64","1.3.1","development","LGPL-3.0-or-later"
"@img/sharp-libvips-linux-arm","1.3.1","development","LGPL-3.0-or-later"
"@img/sharp-libvips-linux-arm64","1.3.1","development","LGPL-3.0-or-later"
"@img/sharp-libvips-linux-ppc64","1.3.1","development","LGPL-3.0-or-later"
"@img/sharp-libvips-linux-riscv64","1.3.1","development","LGPL-3.0-or-later"
"@img/sharp-libvips-linux-s390x","1.3.1","development","LGPL-3.0-or-later"
"@img/sharp-libvips-linux-x64","1.3.1","development","LGPL-3.0-or-later"
"@img/sharp-libvips-linuxmusl-arm64","1.3.1","development","LGPL-3.0-or-later"
"@img/sharp-libvips-linuxmusl-x64","1.3.1","development","LGPL-3.0-or-later"
"@img/sharp-linux-arm","0.35.2","development","Apache-2.0"
"@img/sharp-linux-arm64","0.35.2","development","Apache-2.0"
"@img/sharp-linux-ppc64","0.35.2","development","Apache-2.0"
"@img/sharp-linux-riscv64","0.35.2","development","Apache-2.0"
"@img/sharp-linux-s390x","0.35.2","development","Apache-2.0"
"@img/sharp-linux-x64","0.35.2","development","Apache-2.0"
"@img/sharp-linuxmusl-arm64","0.35.2","development","Apache-2.0"
"@img/sharp-linuxmusl-x64","0.35.2","development","Apache-2.0"
"@img/sharp-wasm32","0.35.2","development","Apache-2.0 AND LGPL-3.0-or-later AND MIT"
"@img/sharp-webcontainers-wasm32","0.35.2","development","Apache-2.0"
"@img/sharp-win32-arm64","0.35.2","development","Apache-2.0 AND LGPL-3.0-or-later"
"@img/sharp-win32-ia32","0.35.2","development","Apache-2.0 AND LGPL-3.0-or-later"
"@img/sharp-win32-x64","0.35.2","development","Apache-2.0 AND LGPL-3.0-or-later"
"@jridgewell/gen-mapping","0.3.13","development","MIT"
"@jridgewell/remapping","2.3.5","development","MIT"
"@jridgewell/resolve-uri","3.1.2","development","MIT"
"@jridgewell/sourcemap-codec","1.5.5","development","MIT"
"@jridgewell/trace-mapping","0.3.31","development","MIT"
"@jridgewell/trace-mapping","0.3.9","development","MIT"
"@lukeed/ms","2.0.2","production","MIT"
"@oxc-project/types","0.143.0","development","MIT"
"@pinojs/redact","0.4.0","production","MIT"
"@playwright/test","1.62.1","development","Apache-2.0"
"@poppinss/colors","4.1.6","development","MIT"
"@poppinss/dumper","0.6.5","development","MIT"
"@poppinss/exception","1.2.3","development","MIT"
"@rolldown/binding-android-arm64","1.2.3","development","MIT"
"@rolldown/binding-darwin-arm64","1.2.3","development","MIT"
"@rolldown/binding-darwin-x64","1.2.3","development","MIT"
"@rolldown/binding-freebsd-x64","1.2.3","development","MIT"
"@rolldown/binding-linux-arm-gnueabihf","1.2.3","development","MIT"
"@rolldown/binding-linux-arm64-gnu","1.2.3","development","MIT"
"@rolldown/binding-linux-arm64-musl","1.2.3","development","MIT"
"@rolldown/binding-linux-ppc64-gnu","1.2.3","development","MIT"
"@rolldown/binding-linux-s390x-gnu","1.2.3","development","MIT"
"@rolldown/binding-linux-x64-gnu","1.2.3","development","MIT"
"@rolldown/binding-linux-x64-musl","1.2.3","development","MIT"
"@rolldown/binding-openharmony-arm64","1.2.3","development","MIT"
"@rolldown/binding-win32-arm64-msvc","1.2.3","development","MIT"
"@rolldown/binding-win32-x64-msvc","1.2.3","development","MIT"
"@rolldown/pluginutils","1.0.1","development","MIT"
"@sindresorhus/is","7.2.0","development","MIT"
"@speed-highlight/core","1.2.24","development","CC0-1.0"
"@sqlite.org/sqlite-wasm","3.53.0-build1","production","Apache-2.0"
"@standard-schema/spec","1.1.0","development","MIT"
"@tanstack/query-core","5.101.4","production","MIT"
"@tanstack/react-query","5.101.4","production","MIT"
"@testing-library/dom","10.4.1","development","MIT"
"@testing-library/jest-dom","7.0.0","development","MIT"
"@testing-library/react","16.3.2","development","MIT"
"@types/aria-query","5.0.4","development","MIT"
"@types/chai","5.2.3","development","MIT"
"@types/deep-eql","4.0.2","development","MIT"
"@types/dompurify","3.0.5","development","MIT"
"@types/esrecurse","4.3.1","development","MIT"
"@types/estree","1.0.9","development","MIT"
"@types/json-schema","7.0.15","development","MIT"
"@types/node","24.13.3","development","MIT"
"@types/react","19.2.18","production","MIT"
"@types/react-dom","19.2.4","development","MIT"
"@types/trusted-types","2.0.7","production","MIT"
"@typescript-eslint/eslint-plugin","8.66.0","development","MIT"
"@typescript-eslint/parser","8.66.0","development","MIT"
"@typescript-eslint/project-service","8.66.0","development","MIT"
"@typescript-eslint/scope-manager","8.66.0","development","MIT"
"@typescript-eslint/tsconfig-utils","8.66.0","development","MIT"
"@typescript-eslint/type-utils","8.66.0","development","MIT"
"@typescript-eslint/types","8.66.0","development","MIT"
"@typescript-eslint/typescript-estree","8.66.0","development","MIT"
"@typescript-eslint/utils","8.66.0","development","MIT"
"@typescript-eslint/visitor-keys","8.66.0","development","MIT"
"@vitejs/plugin-react","6.0.5","development","MIT"
"@vitest/coverage-v8","4.1.10","development","MIT"
"@vitest/expect","4.1.10","development","MIT"
"@vitest/mocker","4.1.10","development","MIT"
"@vitest/pretty-format","4.1.10","development","MIT"
"@vitest/runner","4.1.10","development","MIT"
"@vitest/snapshot","4.1.10","development","MIT"
"@vitest/spy","4.1.10","development","MIT"
"@vitest/utils","4.1.10","development","MIT"
"abstract-logging","2.0.1","production","MIT"
"acorn","8.18.0","development","MIT"
"acorn-jsx","5.3.2","development","MIT"
"ajv","6.15.0","development","MIT"
"ajv","8.20.0","production","MIT"
"ajv-formats","3.0.1","production","MIT"
"ansi-regex","5.0.1","development","MIT"
"ansi-regex","6.2.2","development","MIT"
"ansi-styles","5.2.0","development","MIT"
"ansi-styles","6.2.3","development","MIT"
"aria-query","5.3.0","development","Apache-2.0"
"assertion-error","2.0.1","development","MIT"
"ast-v8-to-istanbul","1.0.5","development","MIT"
"atomic-sleep","1.0.0","production","MIT"
"avvio","9.3.0","production","MIT"
"axe-core","4.13.0","development","MPL-2.0"
"balanced-match","4.0.4","production","MIT"
"baseline-browser-mapping","2.11.13","development","Apache-2.0"
"bidi-js","1.0.3","development","MIT"
"blake3-wasm","2.1.5","development","MIT"
"brace-expansion","5.0.9","production","MIT"
"browserslist","4.28.8","development","MIT"
"caniuse-lite","1.0.30001809","development","CC-BY-4.0"
"chai","6.2.2","development","MIT"
"chalk","5.6.2","development","MIT"
"cliui","9.0.1","development","ISC"
"concurrently","10.0.4","development","MIT"
"content-disposition","2.0.1","production","MIT"
"convert-source-map","2.0.0","development","MIT"
"cookie","1.1.1","production","MIT"
"core-util-is","1.0.3","production","MIT"
"cross-spawn","7.0.6","development","MIT"
"css-tree","3.2.1","development","MIT"
"css.escape","1.5.1","development","MIT"
"csstype","3.2.3","production","MIT"
"data-urls","7.0.0","development","MIT"
"debug","4.4.3","development","MIT"
"decimal.js","10.6.0","development","MIT"
"deep-is","0.1.4","development","MIT"
"depd","2.0.0","production","MIT"
"dequal","2.0.3","production","MIT"
"detect-libc","2.1.2","development","Apache-2.0"
"dom-accessibility-api","0.5.16","development","MIT"
"dom-accessibility-api","0.6.3","development","MIT"
"dompurify","3.4.13","production","(MPL-2.0 OR Apache-2.0)"
"dotenv","17.4.2","production","BSD-2-Clause"
"electron-to-chromium","1.5.403","development","ISC"
"emoji-regex","10.6.0","development","MIT"
"entities","8.0.0","development","BSD-2-Clause"
"error-stack-parser-es","1.0.5","development","MIT"
"es-module-lexer","2.3.1","development","MIT"
"esbuild","0.28.1","development","MIT"
"esbuild","0.28.2","development","MIT"
"escalade","3.2.0","development","MIT"
"escape-html","1.0.3","production","MIT"
"escape-string-regexp","4.0.0","development","MIT"
"eslint","10.8.1","development","MIT"
"eslint-plugin-react-hooks","7.1.1","development","MIT"
"eslint-scope","9.1.2","development","BSD-2-Clause"
"eslint-visitor-keys","3.4.3","development","Apache-2.0"
"eslint-visitor-keys","5.0.1","development","Apache-2.0"
"espree","11.2.0","development","BSD-2-Clause"
"esquery","1.7.0","development","BSD-3-Clause"
"esrecurse","4.3.0","development","BSD-2-Clause"
"estraverse","5.3.0","development","BSD-2-Clause"
"estree-walker","3.0.3","development","MIT"
"esutils","2.0.3","development","BSD-2-Clause"
"expect-type","1.4.0","development","Apache-2.0"
"fast-decode-uri-component","1.0.1","production","MIT"
"fast-deep-equal","3.1.3","production","MIT"
"fast-json-stable-stringify","2.1.0","development","MIT"
"fast-json-stringify","7.0.1","production","MIT"
"fast-levenshtein","2.0.6","development","MIT"
"fast-querystring","1.1.2","production","MIT"
"fast-uri","3.1.5","production","BSD-3-Clause"
"fast-uri","4.1.2","production","BSD-3-Clause"
"fastify","5.11.3","production","MIT"
"fastify-plugin","6.0.0","production","MIT"
"fastq","1.20.1","production","ISC"
"fdir","6.5.0","development","MIT"
"file-entry-cache","8.0.0","development","MIT"
"find-my-way","9.7.0","production","MIT"
"find-up","5.0.0","development","MIT"
"flat-cache","4.0.1","development","MIT"
"flatted","3.4.4","development","ISC"
"framer-motion","13.1.0","production","MIT"
"fsevents","2.3.2","development","MIT"
"fsevents","2.3.3","development","MIT"
"gensync","1.0.0-beta.2","development","MIT"
"get-caller-file","2.0.5","development","ISC"
"get-east-asian-width","1.6.0","development","MIT"
"glob","13.0.6","production","BlueOak-1.0.0"
"glob-parent","6.0.2","development","ISC"
"globals","17.9.0","development","MIT"
"has-flag","4.0.0","development","MIT"
"hermes-estree","0.25.1","development","MIT"
"hermes-parser","0.25.1","development","MIT"
"html-encoding-sniffer","6.0.0","development","MIT"
"html-escaper","2.0.2","development","MIT"
"http-errors","2.0.1","production","MIT"
"ignore","5.3.2","development","MIT"
"ignore","7.0.6","development","MIT"
"immediate","3.0.6","production","MIT"
"imurmurhash","0.1.4","development","MIT"
"indent-string","4.0.0","development","MIT"
"inherits","2.0.4","production","ISC"
"ipaddr.js","2.5.0","production","MIT"
"is-extglob","2.1.1","development","MIT"
"is-glob","4.0.3","development","MIT"
"is-potential-custom-element-name","1.0.1","development","MIT"
"isarray","1.0.0","production","MIT"
"isexe","2.0.0","development","ISC"
"istanbul-lib-coverage","3.2.2","development","BSD-3-Clause"
"istanbul-lib-report","3.0.1","development","BSD-3-Clause"
"istanbul-reports","3.2.0","development","BSD-3-Clause"
"js-tokens","10.0.0","development","MIT"
"js-tokens","4.0.0","development","MIT"
"jsdom","30.0.1","development","MIT"
"jsesc","3.1.0","development","MIT"
"json-buffer","3.0.1","development","MIT"
"json-schema-ref-resolver","3.0.0","production","MIT"
"json-schema-traverse","0.4.1","development","MIT"
"json-schema-traverse","1.0.0","production","MIT"
"json-stable-stringify-without-jsonify","1.0.1","development","MIT"
"json5","2.2.3","development","MIT"
"jszip","3.10.2","production","(MIT OR GPL-3.0-or-later)"
"keyv","4.5.4","development","MIT"
"kleur","4.1.5","development","MIT"
"lenis","1.3.26","production","MIT"
"levn","0.4.1","development","MIT"
"lie","3.3.0","production","MIT"
"light-my-request","6.6.0","production","BSD-3-Clause"
"lightningcss","1.33.0","development","MPL-2.0"
"lightningcss-android-arm64","1.33.0","development","MPL-2.0"
"lightningcss-darwin-arm64","1.33.0","development","MPL-2.0"
"lightningcss-darwin-x64","1.33.0","development","MPL-2.0"
"lightningcss-freebsd-x64","1.33.0","development","MPL-2.0"
"lightningcss-linux-arm-gnueabihf","1.33.0","development","MPL-2.0"
"lightningcss-linux-arm64-gnu","1.33.0","development","MPL-2.0"
"lightningcss-linux-arm64-musl","1.33.0","development","MPL-2.0"
"lightningcss-linux-x64-gnu","1.33.0","development","MPL-2.0"
"lightningcss-linux-x64-musl","1.33.0","development","MPL-2.0"
"lightningcss-win32-arm64-msvc","1.33.0","development","MPL-2.0"
"lightningcss-win32-x64-msvc","1.33.0","development","MPL-2.0"
"locate-path","6.0.0","development","MIT"
"lru-cache","11.5.2","production","BlueOak-1.0.0"
"lru-cache","5.1.1","development","ISC"
"lucide-react","1.31.0","production","ISC"
"lz-string","1.5.0","development","MIT"
"magic-string","0.30.21","development","MIT"
"magicast","0.5.4","development","MIT"
"make-dir","4.0.0","development","MIT"
"marked","18.0.9","production","MIT"
"mdn-data","2.27.1","development","CC0-1.0"
"mime","3.0.0","production","MIT"
"min-indent","1.0.1","development","MIT"
"miniflare","5.20260811.1-alpha","development","MIT"
"minimatch","10.2.6","production","BlueOak-1.0.0"
"minipass","7.1.3","production","BlueOak-1.0.0"
"motion","13.1.0","production","MIT"
"motion-dom","13.0.0","production","MIT"
"motion-utils","13.0.0","production","MIT"
"ms","2.1.3","development","MIT"
"nanoid","3.3.18","development","MIT"
"natural-compare","1.4.0","development","MIT"
"node-releases","2.0.53","development","MIT"
"normalize-wheel","1.0.1","production","BSD-3-Clause"
"obug","2.1.4","development","MIT"
"on-exit-leak-free","2.1.2","production","MIT"
"optionator","0.9.4","development","MIT"
"p-limit","3.1.0","development","MIT"
"p-locate","5.0.0","development","MIT"
"pako","1.0.11","production","(MIT AND Zlib)"
"parse5","8.0.1","development","MIT"
"path-exists","4.0.0","development","MIT"
"path-key","3.1.1","development","MIT"
"path-scurry","2.0.2","production","BlueOak-1.0.0"
"path-to-regexp","6.3.0","development","MIT"
"pathe","2.0.3","development","MIT"
"picocolors","1.1.1","development","ISC"
"picomatch","4.0.5","development","MIT"
"pino","10.3.1","production","MIT"
"pino-abstract-transport","3.0.0","production","MIT"
"pino-std-serializers","7.1.0","production","MIT"
"playwright","1.62.1","development","Apache-2.0"
"playwright-core","1.62.1","development","Apache-2.0"
"postcss","8.5.26","development","MIT"
"prelude-ls","1.2.1","development","MIT"
"prettier","3.9.6","development","MIT"
"pretty-format","27.5.1","development","MIT"
"process-nextick-args","2.0.1","production","MIT"
"process-warning","4.0.1","production","MIT"
"process-warning","5.1.0","production","MIT"
"punycode","2.3.1","development","MIT"
"quick-format-unescaped","4.0.4","production","MIT"
"react","19.2.8","production","MIT"
"react-dom","19.2.8","production","MIT"
"react-easy-crop","6.2.3","production","MIT"
"react-is","17.0.2","development","MIT"
"react-router","7.18.2","production","MIT"
"readable-stream","2.3.8","production","MIT"
"real-require","0.2.0","production","MIT"
"real-require","1.0.0","production","MIT"
"redent","3.0.0","development","MIT"
"require-from-string","2.0.2","production","MIT"
"ret","0.5.0","production","MIT"
"reusify","1.1.0","production","MIT"
"rfdc","1.4.1","production","MIT"
"rolldown","1.2.3","development","MIT"
"rxjs","7.8.2","development","Apache-2.0"
"safe-buffer","5.1.2","production","MIT"
"safe-regex2","5.1.1","production","MIT"
"safe-stable-stringify","2.5.0","production","MIT"
"saxes","6.0.0","development","ISC"
"scheduler","0.27.0","production","MIT"
"secure-json-parse","4.1.0","production","BSD-3-Clause"
"semver","6.3.1","development","ISC"
"semver","7.8.5","production","ISC"
"set-cookie-parser","2.7.2","production","MIT"
"setimmediate","1.0.5","production","MIT"
"setprototypeof","1.2.0","production","ISC"
"sharp","0.35.2","development","Apache-2.0"
"shebang-command","2.0.0","development","MIT"
"shebang-regex","3.0.0","development","MIT"
"shell-quote","1.9.0","development","MIT"
"siginfo","2.0.0","development","ISC"
"sonic-boom","4.2.1","production","MIT"
"source-map-js","1.2.1","development","BSD-3-Clause"
"split2","4.2.0","production","ISC"
"stackback","0.0.2","development","MIT"
"statuses","2.0.2","production","MIT"
"std-env","4.2.0","development","MIT"
"string_decoder","1.1.1","production","MIT"
"string-width","7.2.0","development","MIT"
"strip-ansi","7.2.0","development","MIT"
"strip-indent","3.0.0","development","MIT"
"supports-color","10.2.2","development","MIT"
"supports-color","7.2.0","development","MIT"
"symbol-tree","3.2.4","development","MIT"
"thread-stream","4.2.0","production","MIT"
"tinybench","2.9.0","development","MIT"
"tinyexec","1.3.0","development","MIT"
"tinyglobby","0.2.17","development","MIT"
"tinyrainbow","3.1.1","development","MIT"
"tldts","7.4.10","development","MIT"
"tldts-core","7.4.10","development","MIT"
"toad-cache","3.7.4","production","MIT"
"toidentifier","1.0.1","production","MIT"
"tough-cookie","6.0.2","development","BSD-3-Clause"
"tr46","6.0.0","development","MIT"
"tree-kill","1.2.2","development","MIT"
"ts-api-utils","2.5.0","development","MIT"
"tslib","2.8.1","production","0BSD"
"tsx","4.23.11","development","MIT"
"type-check","0.4.0","development","MIT"
"typescript","5.9.3","development","Apache-2.0"
"typescript","6.0.3","development","Apache-2.0"
"typescript-eslint","8.66.0","development","MIT"
"undici","7.29.0","development","MIT"
"undici","8.10.0","development","MIT"
"undici-types","7.18.2","development","MIT"
"unenv","2.0.0-rc.24","development","MIT"
"update-browserslist-db","1.3.0","development","MIT"
"uri-js","4.4.1","development","BSD-2-Clause"
"util-deprecate","1.0.2","production","MIT"
"vite","8.2.1","development","MIT"
"vitest","4.1.10","development","MIT"
"w3c-xmlserializer","5.0.0","development","MIT"
"webidl-conversions","8.0.1","development","BSD-2-Clause"
"whatwg-mimetype","5.0.0","development","MIT"
"whatwg-url","16.0.1","development","MIT"
"whatwg-url","17.1.0","development","MIT"
"which","2.0.2","development","ISC"
"why-is-node-running","2.3.0","development","MIT"
"word-wrap","1.2.5","development","MIT"
"workerd","1.20260811.1","development","Apache-2.0"
"wrangler","4.123.0","development","MIT OR Apache-2.0"
"wrap-ansi","9.0.2","development","MIT"
"ws","8.21.0","development","MIT"
"xml-name-validator","5.0.0","development","Apache-2.0"
"xmlchars","2.2.0","development","MIT"
"y18n","5.0.8","development","ISC"
"yallist","3.1.1","development","ISC"
"yargs","18.0.0","development","MIT"
"yargs-parser","22.0.0","development","ISC"
"yocto-queue","0.1.0","development","MIT"
"youch","4.1.0-beta.10","development","MIT"
"youch-core","0.3.3","development","MIT"
"zod","4.4.3","production","MIT"
"zod-validation-error","4.0.2","development","MIT"
"zustand","5.0.14","production","MIT"
